{"cameraMode":{"drawMode":0,"name":"Shaded","section":"Shading Mode"},"sceneLighting":true,"audioPlay":false,"sceneViewState":{"m_AlwaysRefresh":false,"showFog":true,"showSkybox":true,"showFlares":true,"showImageEffects":true,"showParticleSystems":true,"showVisualEffectGraphs":true,"m_FxEnabled":true},"in2DMode":false,"pivot":{"x":89.91157531738281,"y":162.69528198242188,"z":3.171985387802124},"rotation":{"x":-0.16573916375637055,"y":0.0029313862323760988,"z":-0.00034217254142276943,"w":-0.9862289428710938},"size":35.331886291503909,"orthographic":false}