{"cameraMode":{"drawMode":0,"name":"Shaded","section":"Shading Mode"},"sceneLighting":false,"audioPlay":false,"sceneViewState":{"m_AlwaysRefresh":false,"showFog":true,"showSkybox":false,"showFlares":true,"showImageEffects":true,"showParticleSystems":true,"showVisualEffectGraphs":true,"m_FxEnabled":true},"in2DMode":false,"pivot":{"x":-3.8618993759155275,"y":16.349002838134767,"z":58.83070373535156},"rotation":{"x":-0.023946460336446763,"y":-0.06384950131177902,"z":0.0015570479445159436,"w":-0.9977129101753235},"size":13.248106956481934,"orthographic":false}