{"cameraMode":{"drawMode":0,"name":"Shaded","section":"Shading Mode"},"sceneLighting":false,"audioPlay":false,"sceneViewState":{"m_AlwaysRefresh":false,"showFog":true,"showSkybox":false,"showFlares":true,"showImageEffects":true,"showParticleSystems":true,"showVisualEffectGraphs":true,"m_FxEnabled":true},"in2DMode":false,"pivot":{"x":-0.7728981375694275,"y":2.564622163772583,"z":-0.015345947816967965},"rotation":{"x":0.16078414022922517,"y":-0.6938300728797913,"z":0.16341733932495118,"w":0.6826781630516052},"size":1.715147614479065,"orthographic":false}