{"cameraMode":{"drawMode":0,"name":"Shaded","section":"Shading Mode"},"sceneLighting":false,"audioPlay":false,"sceneViewState":{"m_AlwaysRefresh":false,"showFog":false,"showSkybox":false,"showFlares":false,"showImageEffects":false,"showParticleSystems":false,"showVisualEffectGraphs":true,"m_FxEnabled":true},"in2DMode":false,"pivot":{"x":0.000110626220703125,"y":0.6927034854888916,"z":1.1920928955078126e-7},"rotation":{"x":0.23349015414714814,"y":0.033538345247507098,"z":-0.008055377751588822,"w":0.9717491865158081},"size":1.1390612125396729,"orthographic":false}