{"cameraMode":{"drawMode":0,"name":"Shaded","section":"Shading Mode"},"sceneLighting":false,"audioPlay":false,"sceneViewState":{"m_AlwaysRefresh":false,"showFog":true,"showSkybox":false,"showFlares":true,"showImageEffects":true,"showParticleSystems":true,"showVisualEffectGraphs":true,"m_FxEnabled":true},"in2DMode":false,"pivot":{"x":5.980000019073486,"y":0.7177206873893738,"z":-5.019999980926514},"rotation":{"x":0.07103265076875687,"y":-0.2530125081539154,"z":0.018628118559718133,"w":0.964675784111023},"size":0.43896666169166567,"orthographic":false}