{"cameraMode":{"drawMode":0,"name":"Shaded","section":"Shading Mode"},"sceneLighting":false,"audioPlay":false,"sceneViewState":{"m_AlwaysRefresh":false,"showFog":false,"showSkybox":false,"showFlares":false,"showImageEffects":false,"showParticleSystems":false,"showVisualEffectGraphs":true,"m_FxEnabled":true},"in2DMode":false,"pivot":{"x":0.00013303756713867188,"y":1.019570231437683,"z":-0.015414983034133911},"rotation":{"x":0.23349015414714814,"y":0.033538345247507098,"z":-0.008055377751588822,"w":0.9717491865158081},"size":1.5831143856048585,"orthographic":false}