{"cameraMode":{"drawMode":0,"name":"Shaded","section":"Shading Mode"},"sceneLighting":false,"audioPlay":false,"sceneViewState":{"m_AlwaysRefresh":false,"showFog":true,"showSkybox":false,"showFlares":true,"showImageEffects":true,"showParticleSystems":true,"showVisualEffectGraphs":true,"m_FxEnabled":true},"in2DMode":false,"pivot":{"x":0.016122087836265565,"y":1.4157439470291138,"z":0.6661543846130371},"rotation":{"x":0.3820112943649292,"y":0.42200639843940737,"z":-0.20306122303009034,"w":0.7967438697814941},"size":0.48653939366340639,"orthographic":false}